-- phpMyAdmin SQL Dump
-- version 5.2.1
-- https://www.phpmyadmin.net/
--
-- Host: 127.0.0.1
-- Waktu pembuatan: 24 Jan 2024 pada 01.35
-- Versi server: 10.4.28-MariaDB
-- Versi PHP: 8.2.4

SET SQL_MODE = "NO_AUTO_VALUE_ON_ZERO";
START TRANSACTION;
SET time_zone = "+00:00";


/*!40101 SET @OLD_CHARACTER_SET_CLIENT=@@CHARACTER_SET_CLIENT */;
/*!40101 SET @OLD_CHARACTER_SET_RESULTS=@@CHARACTER_SET_RESULTS */;
/*!40101 SET @OLD_COLLATION_CONNECTION=@@COLLATION_CONNECTION */;
/*!40101 SET NAMES utf8mb4 */;

--
-- Database: `db_administration`
--

-- --------------------------------------------------------

--
-- Struktur dari tabel `administrationuggroups`
--

CREATE TABLE `administrationuggroups` (
  `GroupID` int(11) NOT NULL,
  `Label` varchar(300) DEFAULT NULL,
  `Provider` varchar(10) DEFAULT '',
  `Comment` mediumtext DEFAULT NULL
) ENGINE=InnoDB DEFAULT CHARSET=utf8 COLLATE=utf8_general_ci;

--
-- Dumping data untuk tabel `administrationuggroups`
--

INSERT INTO `administrationuggroups` (`GroupID`, `Label`, `Provider`, `Comment`) VALUES
(1, 'users', '', NULL);

-- --------------------------------------------------------

--
-- Struktur dari tabel `administrationugmembers`
--

CREATE TABLE `administrationugmembers` (
  `UserName` varchar(255) NOT NULL,
  `GroupID` int(11) NOT NULL,
  `Provider` varchar(10) NOT NULL DEFAULT ''
) ENGINE=InnoDB DEFAULT CHARSET=utf8 COLLATE=utf8_general_ci;

--
-- Dumping data untuk tabel `administrationugmembers`
--

INSERT INTO `administrationugmembers` (`UserName`, `GroupID`, `Provider`) VALUES
('admin', -1, ''),
('admin', 1, ''),
('andi', 1, ''),
('budi', 1, ''),
('chica', 1, ''),
('user1', 1, ''),
('user2', 1, '');

-- --------------------------------------------------------

--
-- Struktur dari tabel `administrationugrights`
--

CREATE TABLE `administrationugrights` (
  `TableName` varchar(255) NOT NULL,
  `GroupID` int(11) NOT NULL,
  `AccessMask` varchar(10) DEFAULT NULL,
  `Page` mediumtext DEFAULT NULL
) ENGINE=InnoDB DEFAULT CHARSET=utf8 COLLATE=utf8_general_ci;

--
-- Dumping data untuk tabel `administrationugrights`
--

INSERT INTO `administrationugrights` (`TableName`, `GroupID`, `AccessMask`, `Page`) VALUES
('<global>', -1, 'ADESPIM', NULL),
('admin_members', -1, 'ADESPIM', NULL),
('admin_rights', -1, 'ADESPIM', NULL),
('admin_users', -1, 'ADESPIM', NULL),
('student', -1, 'AEDSPI', ''),
('student_subject', -1, 'AEDSPI', ''),
('subject', -1, 'AEDSPI', ''),
('surat_masuk', -1, 'ADESPIM', NULL),
('surat_masuk', 1, 'AEDSPI', ''),
('user', -1, 'ADESPIM', NULL);

-- --------------------------------------------------------

--
-- Struktur dari tabel `student`
--

CREATE TABLE `student` (
  `id` int(11) NOT NULL,
  `name` varchar(50) DEFAULT NULL,
  `class` varchar(50) DEFAULT NULL
) ENGINE=InnoDB DEFAULT CHARSET=utf8 COLLATE=utf8_general_ci;

--
-- Dumping data untuk tabel `student`
--

INSERT INTO `student` (`id`, `name`, `class`) VALUES
(1, 'Joko', '3A'),
(2, 'Ani', '2B'),
(3, 'Budi', '4C'),
(4, 'Andi', '3C');

-- --------------------------------------------------------

--
-- Struktur dari tabel `student_subject`
--

CREATE TABLE `student_subject` (
  `id` int(11) NOT NULL,
  `student_id` int(11) DEFAULT NULL,
  `subject_id` int(11) DEFAULT NULL
) ENGINE=InnoDB DEFAULT CHARSET=utf8 COLLATE=utf8_general_ci;

--
-- Dumping data untuk tabel `student_subject`
--

INSERT INTO `student_subject` (`id`, `student_id`, `subject_id`) VALUES
(1, 2, 1),
(2, 1, 2),
(4, 2, 1),
(5, 1, 3),
(6, 1, 1),
(7, 4, 1),
(8, 4, 3),
(9, 4, 2),
(11, 3, 1);

-- --------------------------------------------------------

--
-- Struktur dari tabel `subject`
--

CREATE TABLE `subject` (
  `id` int(11) NOT NULL,
  `subject` varchar(50) DEFAULT NULL,
  `lecturer` varchar(50) DEFAULT NULL
) ENGINE=InnoDB DEFAULT CHARSET=utf8 COLLATE=utf8_general_ci;

--
-- Dumping data untuk tabel `subject`
--

INSERT INTO `subject` (`id`, `subject`, `lecturer`) VALUES
(1, 'Basis Data', 'Pak Ibnu'),
(2, 'PBW', 'Pak AK'),
(3, 'PBO', 'Bu Sri');

-- --------------------------------------------------------

--
-- Struktur dari tabel `surat_masuk`
--

CREATE TABLE `surat_masuk` (
  `ID0` int(11) NOT NULL,
  `nomor_surat` varchar(50) DEFAULT NULL,
  `tanggal_surat` date DEFAULT NULL,
  `tanggal_diterima` datetime DEFAULT NULL,
  `nama_penerima` varchar(100) DEFAULT NULL,
  `keperluan` varchar(50) DEFAULT NULL,
  `file_surat` varchar(350) DEFAULT NULL,
  `lampiran_foto` varchar(300) DEFAULT NULL
) ENGINE=InnoDB DEFAULT CHARSET=utf8 COLLATE=utf8_general_ci;

--
-- Dumping data untuk tabel `surat_masuk`
--

INSERT INTO `surat_masuk` (`ID0`, `nomor_surat`, `tanggal_surat`, `tanggal_diterima`, `nama_penerima`, `keperluan`, `file_surat`, `lampiran_foto`) VALUES
(1, 'T/453/TI.01/X/2023', '2023-10-18', '2023-11-06 00:00:00', 'Zulhan Andika Asyraf', 'Penyampaian Dokumen T01 Aplikasi Tunjangan Khusus', '[{\"name\":\"files\\/T01 Aplikasi Tunsus_l28w97vy.pdf\",\"usrName\":\"T01 Aplikasi Tunsus.pdf\",\"size\":1663775,\"type\":\"application\\/pdf\",\"searchStr\":\"T01 Aplikasi Tunsus.pdf,!:sStrEnd\"}]', '[{\"name\":\"files\\/Screenshot 2023-11-14 093831_ziiqvv25.png\",\"usrName\":\"Screenshot 2023-11-14 093831.png\",\"size\":381858,\"type\":\"image\\/png\",\"searchStr\":\"Screenshot 2023-11-14 093831.png,!:sStrEnd\"}]');

-- --------------------------------------------------------

--
-- Struktur dari tabel `user`
--

CREATE TABLE `user` (
  `id` int(11) NOT NULL,
  `username` varchar(50) DEFAULT NULL,
  `password` varchar(50) DEFAULT NULL,
  `nama` varchar(50) DEFAULT NULL,
  `email` varchar(50) DEFAULT NULL,
  `userpic` mediumblob DEFAULT NULL
) ENGINE=InnoDB DEFAULT CHARSET=utf8 COLLATE=utf8_general_ci;

--
-- Dumping data untuk tabel `user`
--

INSERT INTO `user` (`id`, `username`, `password`, `nama`, `email`, `userpic`) VALUES
(1, 'admin', 'admin', 'admin', 'admin@gmail.com', 0xffd8ffe000104a46494600010101006000600000fffe003e43524541544f523a2067642d6a7065672076312e3020287573696e6720494a47204a50454720763930292c2064656661756c74207175616c6974790affdb004300080606070605080707070909080a0c140d0c0b0b0c1912130f141d1a1f1e1d1a1c1c20242e2720222c231c1c2837292c30313434341f27393d38323c2e333432ffdb0043010909090c0b0c180d0d1832211c213232323232323232323232323232323232323232323232323232323232323232323232323232323232323232323232323232ffc000110800e0019003012200021101031101ffc4001f0000010501010101010100000000000000000102030405060708090a0bffc400b5100002010303020403050504040000017d01020300041105122131410613516107227114328191a1082342b1c11552d1f02433627282090a161718191a25262728292a3435363738393a434445464748494a535455565758595a636465666768696a737475767778797a838485868788898a92939495969798999aa2a3a4a5a6a7a8a9aab2b3b4b5b6b7b8b9bac2c3c4c5c6c7c8c9cad2d3d4d5d6d7d8d9dae1e2e3e4e5e6e7e8e9eaf1f2f3f4f5f6f7f8f9faffc4001f0100030101010101010101010000000000000102030405060708090a0bffc400b51100020102040403040705040400010277000102031104052131061241510761711322328108144291a1b1c109233352f0156272d10a162434e125f11718191a262728292a35363738393a434445464748494a535455565758595a636465666768696a737475767778797a82838485868788898a92939495969798999aa2a3a4a5a6a7a8a9aab2b3b4b5b6b7b8b9bac2c3c4c5c6c7c8c9cad2d3d4d5d6d7d8d9dae2e3e4e5e6e7e8e9eaf2f3f4f5f6f7f8f9faffda000c03010002110311003f00f4a5460180f987d3a5469751c3bf867230308bbb19e9ff00eaabb7ee2ded88890f9b332c51023f89b8cfd075fa0ae03c55aedc69a574db09668d980925988dac32321463a1c1e5b3924f61c5555aea9c5b676e1b0f3c4d554a9eecee85cc8f1922d18609e4871803bfddc62b29e52d265919323720f51f5ff38af24f3251209b7b872721f2727f1aee3c29e2197512da5ea0ed24a4068a6081a46c7627a9201620fd41cf4ae6c3e3d4a7cad6e7a18cc9aae1e93aaa4a496fd0d2bbd56d74a65967f3599ce02a004f1f8d467c73a7e30b05d71d32abff00c5561ebb027f6adadb5ccf87f35926edb30403541acad12012194b92ac76aca3e53d57b7391ec29e3b15569d6e58356b235cbf0586ad414ea277bbd8ece2f1958a58cf7eeb2c56f6e543165e72c7031827bd5c83e2069324925b9662eb70b6a460fdf6c803a74f94d70a2dadeefed1a1a3b1b6b9b9890caad920061cf2077f6a7d8f80e47d50dd36a2c9f3bddac661c8731c8c18673fed0e7dead4aaca9c67dffcda30a94b054eace136d5b6dfb267487c65e18d52d6585a421625f39bcc040600fb8e6bccbedf6d23663384663b47a60d7573f8298dad8dacf74cd1c296f024ab1e159a59c92324f057238f7aa0de108215b89ef7ed5e7a5bde5c18f85c989d02e06338209fcc575e1ebe2a9c5f2d8897f66f36addbcbfaebbf9183fda36aab92f818cf3e9fe4529d42d83105c700b7e03ad7663c25a4d85c5fb59db5cdf7916d6af0aacd82c2469327214f603b561af85addb46d4e7b85981f224b9b79810510eed8f1b0c643e49c73dba71cf6c717886b99b5bf6e96f5ff0086f3d4c5cb036d13dbf1febfc8ca5bc859a30a799002a3d89c7f4ab614e2b6ed7c1ba4b6af1c53dcbc5e55e35bc51cb28567458b2b8f9796dec3f0159de490482304706bab095ea5472e7e96b7ddafe273d7f61a7b1bf5bdfd74fc3f1215c814f55e6a5111a7ac78aecb9ce5ab4bc7b465640063f5a79ba919f7e7be7a62ab88fdaa511fc950e2af721b1b3cc656ce31c7414413b432a48a3e6560c0fb8a1d41c6d1db9a455e6aacad625b3a3bbd5a4b8d3626925065273d3af1cff856248eb85c281eb8ef51818efc52ed0454429c61a225cae1b81357ed9d1e3113af7c822b38607e1566d9c070d9031d29c95d0ae759a3d946fa824ae412130c48e01fa54fa8dadad966e227f998f4c939aa7a45d225abef6e4920e07de0474aad7d7f1b42b128385638e6bcde49caa9bf32e53beb09925b488ae0a9418c741914dbfb8f2d0051923a9cd733a0eb0cb6be4e49e40cff0077daba155fb4c3956c67ef1eb5c1529ba73699717757339ee18375ebeb4e59c8ea707dcd4724004a54c8b8ec4f7a7344628f731ea38a76459a51dda9425876f5aa37b71e70daa0018ed5511f2401cd5a584246649582a81f798e00a4a3ca0ac8cd68cf61f950b0927355754f14e89a6a92f73e7b0e31174fccf07f0cd715aafc4d94e52c2258c7f780c9fccff8555edb9a28c9ec7a23b456d11799d2341d59c803f5ae7f52f1ae8ba7860b319e41fc29c0fd79fd2bce646f117881bcc2b36c3fc7212a31f53c9fc2ad5b783634923fed0bc6667380908c02719fbc7fc29a4dec87cb18fc4cbbaa7c4dbd9d4c764a211eaa307f3ebf962b07c8f116bb2999965556eb248db07e6793fad75f65a559d9348b6b629132f093b0dc4f1d727f97b53b7dc4db906d70dce5d7232382013d3915a46937bb13a892f751cf5bf8321870da85e173d7cb8463f53cfe82b72ded34ed31736d662320677b0f98fe279a36bc40172918e8c383f80a80c96e598244d31ffa687a7d3bd6ca1081179ccb32dd4afb46dc293824f41f5ace9eee343220712be3e431ae714f96192e4ee9dc95ec83851f87ff005ea310888ed1c29f4e33f952751ed1358420be2d591cdac5cc71ee2f6d66a47de90fcc7e83ad625d7882d4125ae2e6f1fd01f2d3fc6bbff0e7c2fb0d665fed9d4cc9f6493ee5b236d0e4705891c81ec2b62ff40f0169acab3684823276894f99b49f4dc4e09ae4a95dc5eacd20dce5cb4a377e47894fe20b839102476c0f745cb7e24f35a9e1ed444e8209883213f2b9eadec4d7b85afc3ef055edbacf0e8b6ad1b743b9bfc6acc7f0efc2509f93458148e410cdfe350aabbdcc255b5b34790c913464c89cff007d7d47f8d4f6d733db309ad2e2489fb3c4e54fe62bd9c7853426eba6c59fa9ff001a68f07e80a081a64401e782dfe35b7b78f617b5479e587c46d7f4ec2cf3c57510e3170bcffdf4307f3aeaac3e2d6992945bfb2b8b7cf0648c6f41fc8fe40d51d73c15a5dc49771e8f0bc37f6b1acad193b9240d9c0049241e0f5c7d39cd79db00415619078c5351a7535487cb09743d835c6323e980955537262cb0e32e8c8b9fc58556d43c25a75cc8f1c90caf7334ff00bc6f340404636e338c70474fee9e2af5fd9a6a36125ac8c40907cac0f2add88fa1ac6d3b599f4cbb6b7d44ac7704e58c9f7263fde527039ebb78209241e4d71ce0a5b99c6a4e9bbc1d827f0ee87a8a4129dbb190152f26022b05238007f7d7b8eb4b6de08d361d451ecae2369c654050cbb432b724127b71f8d748be250968852c1d46d01542b0c0e3b63031e99fc78acc92ee5d5ef0812a18d5b22651c2e3d0f4cf3d3b11927802b35421d228a58ac45b979ddbb5f43cefc556771ff0902f96049148ee9195e771040fd7ad5f8ec7c296ba522ea6da947a8b2e5bcbdac01f6ed8fa9cd37c6da72d9476f716f9728c7704ea108c67f4aced2aef46b655ba8ae5679f6e3c99e012293e8571fd6b1cc2125594f96e9a4b6edfa9ee65b562f0dc8a4d34dbb2767f7f6f917bc3f6a66d27536b55b7795244f29ae7e518dd9e483c74eddeaec5ff000925bc283ced0bcc1bdd19e43805b1c8f62c181cfb7a53e18f5a7b39a57b44f36f191b62aec4555c01c2f4c0e7d6a58edeeb634773a544c027eec33b637e7233c9e065b9ebf9d76d0a328d08a67958fab1a9899497f5a135be9facbd84a973fd88d6f246530a772f9bc7033d3bf5ef5c3dfd86ba2ea43f6eb596e42b82df68246d6db8009392bce48fa57a6e905c3b5bcda4882dc9f310239c6e07e52403c1c63f1a71d3c5cdc991b4b810a1550e51f7119009043765ee71d00c56b46aca937a1c7a1e6cba66aba545f69b8d4a28e26458d520bc3b94024a8241e8030c7d4d5b95748f26489a7bf025059e367055988ea4671c9ef8c9aeeafb4a0a1859691094dc0e5c30e00ce77039c93c74f4c9f4cfd67438de28e54b346c01b8c68c369f6aeca38ae6f76495cc2ad18cddf99af467273cba3c96cc22bcbd79861d0cb38203e47cd9ce470074a62c2586eceecf39f5ab2fa641f2978321781953fe7b5598e05550aa300702bd08bb053a6a0db526fd5944c1c7414822f515a42124e0fe34d7802b63afe354a4697296d03b526dcd5b317603f3a634641aa4c865765a027e752eda367ae2a896c8f6f3498c0ff0a90ad30f5a645c88a93ebc75a1721854dbc2a918e4d31719a6172ec32ec4e49c543239249f5a679840c6690b6ea9e5b304c7453490c81d1b915aba6788ae6c5e42f995641d09c60fad62cb2c51296775503ae7b564dd7896ce007cbcc8dec38ae7af2a16b5436a70a92f851e8926bf65791a87b77471f7b0dd7fc2b35bc4c9656e565b88f827be700f6e4e2b814bad775818b4b77588f47230bf99e2ae5bf83a499a39752be67de70161f9bff1e3fe15e739c2d6a71fbcea54adf1c8d5b9f8906d8b0b250cc7f8c8cff3e07e46b1e7d47c55e246c8137947f89ced51f427fa574163a1e9f67910da46928240793e761ce3773f9d5a59a39023e1a470001c6cdc0e39fa8159fb37277669cd18fc28e5adfc18ccbe7ea37ad2038f960e49cffb47fc2b72c346b2b424d9e9a32172b34a0939f7cf23f0abf24ab020deeb0469f74123a63a1fc6b1ee3c576168ac892bce739211c91fe1fad3b421b9379c8d7f2fce8d12591a54720aba81b877cf1f4a7fc90c61e611abf5cb1ce3e82b95975ed5ef198436a2ce04fbf34aa4041ebffd6e49ed54986aba96648e28ded7a7fa4a82f37fb5c74fa03c7b9c932f10ba6a0e16f899bf77e21d2ad322498cee0e40073cfe1fd6b1e6f14dedde534cb06c13f798719ff3ef551214b399647d32dd658cee02295c3823db7363f2ad33e228b789e6d2aead9672cebb0ab8ea738cedef9e2b375a4fad86e292ba572b69f1ea32bcf71a8ca37281b61da3ee938273ec71ebd7dab45728d93d3a1fa5449a8dade4c9fbf61b8edf2dadc8ce78c7cbb8f39c75a7c122dc2c8b13a4be539899c1e09144245c5dd6a582a7d29922029c9c11c827814f446236b3fddf418cd3f6229ce39f53d6b7b927aaf86e58efbc1f682dd867c8f28fb30183fad63e982d74c9a0d3ae4dfddb99e30cd7c048bbb380532d855009c607d726b94d235fbdd06566b62ad0c87e789f9527d7d8d6eb7c422ec19f48859877327ff5ab0f66aef995fe67355855de9cac6edae9f38f0cea10bc860695a428c0e422963823a718acc88dec50b4435e91a35408876a606232339ddfdec1ebce31513fc4796240d269b146a7a179f683f4c8e6a949f16e28fa69be6ffd7373fae40fd33583a468abd495df777dbfccb705bbc6e15b599b312aa8c60322ac8ad900b1e7036f39fe799adadafae6cededadf5477fb23acd944dcd270060e1fa7defceb0d7e2c6a13be20d021c93c6fbb238faedab89f132f82966d22004761704ffecb42a2fa1abab55ef6fb91d96816cfa568be5ddcceed196679e618661d72dc9e838fa015e2b7b344f773480850eeccabdf04fa56e6bde38bdf105b1b41b60b57fbc90924b7d4ff00faab948d6424c6b1aa91d4b1c67df15d54a2e3b8a3177729753de30c07048efcd235bc375194b88d2443d432e45526d4911cacc420ec7352a6ab6dbc246727d7a7350e9cbb185d156ef46d22cd37c7a7db839fee74354e47b9990a450b640c01b78c7b56f79c93a0f97f0aa13deb46e406e06739e31574b4d2da8338cd4ed9d8032347e78cfeed7a81ef5956ed0c7282d6b1b367a91fe15b83fd22e1af4052cadf321fd0d49630c7e7379b0215ea415ef5eb29f2c6cd195aeee68d86a52dc844320dc060051802b4a485c2a92d927f0150d8c56ea8b188761539dd562edd002aad9206783c579f369cbdd46cb626b494a8c313d6b4a39723e527d2b0a3f356dd66d8766739e845695aca2550c3806b9ea43a8cd48db038c1aa37f3bd9cc238a2576907b6455db7ec71c1f5aafaa430cd22b3c24b74dc0e2b185b9b5030bfb36d98389c9ce371dc31b7e9591a869ab685648dc3c2e7e539e457576968f68eca0f991b7203738f51597aedb08ae76203e530dca3b0aeda355f3dae268e6c0dbd541a694cd5a31f34d29d6bbd321a2a14a89933cd5d64a859315a46466d1576638a6103ae6a765c7b546c39e95aa33640d5195a999700e4803d4d675deaf63664ac9302c3f847344aac20bde761461297c2ae5a09df1410a9f78e2b00eb5a86a2c63d2ac257e7efe0e3f1ec3f3ab31784b56d40efd52f84287fe59a7cc7fc07eb5cb3c72ff976ae74470af79bb0ebcd7ac6d41024f31c7409cd504d4b56d57e5d3ec9f69fe3c71f99c0ae9acfc33a369c0379493483f8e53bcfe5d3f4ad5521800a081d82839ae69d5ab53e2765e46d18d387c2afea7210f846f2e487d4efb683cf971fcc7fc07eb5b765a06976043456aaf276925f989ff0fc2ae5cdddb590df3cf144a3a873939ac6b8d7d23263b3b596e645eca416071dc0391f88ac3dc8ee697948dc2c258ce18b0207cabc022a09a6863568d65f296418da80024f393d2b92b9d5b5cbab7dd185b688b942a3ef6719e734ed1b4e9c6a29757723c8e55b63313d707b9ebc66a5d6ec84a293b36748d73994b247b9b1f79a9ad2cec87f78ca3ae178a72a7ef31ea3fcff003a52541c1233e9dff2a1cdbdcd1412296a1a5c1a95bf972e46cf9c383cf00f5cd436da7e8f61134a44784196958170bf8f233ed5aa859630cb1962bd8f1923b561f9d677d322cd2b5bc31fddb79a2653bbd5880467ea47e15cf51abdc2717616596e75b78679210965b7f731b7572b852cc01eb8c77eff005ce82d94b32ed9666d838d83818f4c0c03f954e8be7599f21a399a1757510babfca7e561807fdd3ff01a94cb140bfbd70a7b6e38fe74a273d594f4e5457fecbb78906c45c8e83d292d50b09ed3192bfbf8971d7a0703ff001d3f81a736a0b2616089e6627002af7fc71fa66b1752be964996d6d970f922e2647cec53c32a1c75c6413f80ef4369134a337f1ec2dfb8bcba369a6c43ccc159678d7240eeaa47ea7f01de934e863d3a4fb30da33c300c3239e0903a73c73ebed56534ef251adda5925817a05e15876381c74a8cda2647949b7b13ec78aa8a7b9b434765b1a2c3661bd3afd29cc0273d00ef502b33285966f9c70420c13fccd37694930212d81c3487b76eb935ba65b4486442a40cb83c7ca3faf4a8b748495daaa7d5b9fd07f8d399657fbd201eca3fa9ff000a89e25e1c92f8ea189231f4a770b1957910491991d5d9b96c0e6aaf93339046719e0b1fd2ba1645923d9803d3dab2a7b8b7b7dcb3cd1a7620b0ce6a25145c5a1f6b6924982640a3fd91cfeb57bec90a80482e7d5db3fceb122d6a28d8fd9e29ae33fdc5c03f89a9cdeeb375fea6d22b75f590973fe1551946c4c93b97de311e59576a1fbc00e01f5a82664073b9438e46393fa565ddc4db4ff696b7b06398d1c27e82a4d2b508eed1ada19118c5c072a72e3d714f9d5c123d1751d48dd15c42d1b28e41e82996a133e6c93636f201f5aa4faa48798c6c38e48ea6a8973d98d7b31a3eef2ec795cfadce965d765122c50fdd53f788c9344faa35c36248c723e600e335cdc73150780d9e0834e59dd576ff003a5f558a7a2295466a4f77143741225d808c119e2b4a092054f3662549e9cf5ae4c64b0ad781ede585566931e800c9068a9452487199d30d4ec10206dfbdf1d78c5549351f3650903b053c38c738ac520064ccc1d40f976f38ab115caa801538ee4fad73fd5e31d56a69cf73b0b7685ed046b36ee3819c9aaf319f4fdaab1968c9e5bad6658dd3c528653b94ae06f1d0d4c75596395d24c18c8e554d727b19293ea68a46ee93ab4739f2a4f92427853572f671098f76ddaed8c9e00f7ae1609a48e712ab9dd9ce6b6df57fb6dbf933469b80f90f3d6a2a61ad3bc761a674a8abe5a163b940e08aced467b448dc48aa642a76e4d2c172a228cbbaf96abce7d6b1f53b886e5d5e35c373b8e7ad654a9373d4a3308a695a94ae6ab5cdedb5aa9334cabed9eb5e839c62af2762795cb448196a1917a9e9ee2b22ebc4f11629676ef337ae38aa023d6f5891b328b78875d9dbf2ae59663493b43de66f0cbeb4d733d11ab79a859d98ccd3a29f4cf3586fe2196edcc5a6584b70c3be381ee7fc8ab317862de2beb6598bced24987128c1e304f19f435bd750dc79bf65b6b658214fbac09007b802a3eb55aadeda7a1bbc153a4d7334efaea733fd85adea09bf51bf8ece12705233b9be9c7f8d5db1f0ce936a46cb57bb97fbd707776fee8e3afad692b58e9b09864b832c8cdbf6a9dcc7b700563cfe348b7bdbe956334ce80ee246dc0fc79151eead65bfde449ead436fb8e9d12486055088a71c228c0155279a25c99ee016fee21e9581653eb97b7892dfa2416d83fba07e63c719ab52afef5f18c03dab48cefb18a8a7adc9def31bbc98b240c82ff00e15cb5cea7afdd3b44585ba862a553b9ae87858e466e001dcfb5635d3dcfda65b5b791964624bc8176ec07b03d49f7fcbd6a2a4df529a51574674b04105d1db77e65caa2f98f2367c96da3701dcb039fa7d7a321b5b45e21864b86eed8da0fbe4e4fe82b52df4bb78ae991631858e239f7f2d493f9d6a470c4060e00ace305bb39ab622d2e55a98f18d444123ace53cb9230b111e628043e4e1b383f28e9eb562190dbcb1cd2dbabdd4bf2c3b19b7393c64824f1cf5e3d2adddcf6fa6237999779547971e08ce1bef377dbc91ef9c0ee456872d30ba2b2cf3060dbb6855e3a60fa0f4c0a8935b2368b934a4ce81a252c81d99b9c1e703a7b54e88a8308a147a018a5d84b055f9b0c30075eb56d2cae1c644440f56e2b43a2e51dbf7863be6b3f50b7df74185bab974072cdc71f2f200cf6cf5ef5d3c7a3b31cc92638e428fea7fc29ba8e931ad8131292e1bef16ec78ff0a8946e4b927a238d4d263b9bb8d6e0613383e52e0a646339ebc673f853ed74fd54228378ec83a7da08900fa0607fa57416d6d2ac2033228f40338a916c91782cedec5b8fc854284771d9dacd98930785a28a79a3db2928ed0aec6c11f538cf4e00eb5661b0b783e582d38eccc318fcf9fd2b42e6d6336922aaaa7190718c11d0fe754db5bd3e2855e5ba8d58804a83b883f8552e58bd43974d10e782465c332aa9fee8c9fd7fc2a31690af552ffef1cfe9d2a949e2247e2d2cae6e0fa91b47e66aacd79ae4a85b16d631ff0079fe623f3e2abdac7a6a3e591ae6358dd5d5428fbad818fa7f9f7aa1a86a1636e3335dc2ac87eeeec9c77e0735cf5e4b68d9fed0d6a6b9ff00a6709247e9c5513ae6956a07d974af31ff00bd2b01fe3fce93ac2e436df5e818e2d2d6e6e4f62a9b57f335119f5bb8198ada0b44f590ee23fa573b2f8ab5229b21315ba818fdda0ce3ea73591737d7777ff1f1732cbecee48a87587ca7572fd9d54aea7af93b7831c4703f25acf3aae83652136b6525c1c7de938e7ea726b9a3c5319d4739a5ed3b0ac745378bef082b6b0416ebdb0bb8febc7e959373ab6a177febaee5607f843607e42a8f983b734d2ec4f4a39e4c5a21f9f5ab9a6cef6f389236c303906b38ab37ff005aacd9821b6e3de8409dd9ebd8c531866a72beb4d2003dabebd33c2b91a8e3df3eb4f0bcf4a7aaf1cd1b7bd2b9698d239a910526d39e952a2f39a4c69975418a18654e1c8209eb9fc2acda8b6425ae448cd8e140ea7fce2aac6ee1703f954e9dc91c9ee6b9e49b345234e116d2a394122b7f08dd9fe955a58591cff10f514c8c60f1fa54b25d416c85e795100ea58d734bdcd5bd0d62dcb44461483d2a55dc0823ad62dd78a2cd1b65b235c3f6007154bedfacea476c482043c7bd70d6cc68c345ef3f23be8e0ab54d6d6475335fac087cf9c2ae7a1359371e25b753b6de3799fb60565c5a4990ee9a4799cae473c7e27fcf5156aded605c066dbc03b235c93edf95799531f5e7a4172a3d4a596538abd4915e7bfd52f0e4b8b74f41d6aa0b3466dcfe64efdcb1ad39a7b4800127971b608c3b6e6c9ff6464fd3a5506d4ed8308937798c32be60c28ff7b1c807fce3ad71c94a4ef395d9db096168ad10f1030015408c76541cd5eb513450f96232ad93f39201fe448ac5bb3a89291cb30844833b622114827006efe2e9ef5d2c512c10450af48d02d7661e2e32ba39b158d8d58f228e9fd762b3f9a972f78f20674427a7038f4fceb9a9eff53bc224bfd405b59a90d27923185cff0033daba0d4a658ece5cb850f840c4e07d3278f51d7ad72805c5ecd29bc478e1b64611dac99c8270b9607bfcdffeaada4fa23cfa9372b3919d0d9a5e3832b38b4cefd9d6498f62c471f8678fcc9ddb67b98164117ef63f95025cb673f30c00df797a74c91c5594860b551b632ef8031ea6b3751d652db16ec156ecbab2a90488b01b96001c9f98617db278e0b51e5471fb5739688dcb3b832de9463289b66e689d94841918395eb9fa0a9b69724b1ea49e063bd64f85f6b3ddc9be491c95dcee31b89c92464e4fd4e2b7608259a2531c6cc3039038e95bd35a16b4456963516b7385e4a30c9ebf77d6b9d808b32f14176fe5abb058154ca1467b06f947e0735da7f65cb25bc8aeca8245238f98804633c71fad322f0f5bc120dd0cd7193b8e7e507f2ff1aa74dcb633a9356398fb64ab7244b6bb24744c3c6772e368c7ca4820e31cee3f4ad0834abfb85120692527a290624fab0201207a77fd6ba441e536d82d1519401c2f403a678cd5d59024396f315c9c67603cfa557b0696accd3bbba460587857ca9269af6ed5a59d3636c5c9c64118c8006368e3181dab6edf4ad36df0bb0ca7d5db3fcaad2dd247106789b0064bc88101fcea85c78974f8895377197c7dc872e4f4e38fc475a871843734519499af1ed5e2189547b0a1ae0a90ad8c9ed58716acb76be67ef230ac31e7fcac4e3a81cd5a8667957cc5404927e603af3ef4bda43a17eca5d4d9597281b728fa2938aaf7f7f65059cad3cd84db82554b60f6e9ef54a58a69d0abb0e460672d55ae2de59ec64db2317299453d370e47d6b29d4ec8b8d257d59987597932b69613cb9e8cff0020aaf7177aa6dfdecd6962bee416fd6b9e9754bf9c61ee6403d17e51fa554605b92493ef5e5cb16ffad0ed5491a975358b7fc7dea373767ba2e76ff41550eaf696d9169a746083c3ca727fcfe3545d31d78fad577201e39acfdbcba0dc1752cdc6bda8ca36acc225f48942febd6b2679249d8bcb23bb7abb64d48e58f4150324841233ef8156a7296ec8765b10360555765ab6d6ccddb3fad5b8fc397f25b89fc8291eec664f907d7278c56d0527b18ca68c2663d94d46dbdaba25d0d01c4b7f668dfdd576949fc5011f99a79b3d2ed9b0eb7972ddd46d847e07e63fa56d1a72664e4731e4b1eb9fc78a05b331015771f45e735d1fdaad6393106996c9e8f2969587e642ff00e3b4d9b58bf00ac376f00ee2d82c20fe08056d1a4fa99b919c740bc46c3c411700ef95c469cfbb1001a069b6f1ff00afd46d948eab10695bf0206dfd6b4acd0ead6b258c8c5ee9332db331c96eec9f88e47b8f7ac72307915b2a2b721ccb1b74a8ba4779727d599611f90dd59f24fe55d6e86048803c0c96e3ea6a7a64b1ef4f71d29ba6ada0293b9eca538a8ca7a55a2bdb15091ce2be9133c7bd86aa607a7d2976f7c54a8bf291d68d945c772309e838a9923ce38aa1a9ea71e95123b5b4f333f08224c8cfa66b1a5d535ebdf962862d3e23d0b9dcff00e7f0ae3af8da745f2bd59dd86c057c42bc169dceb59a3810bcae91a8ea58e3159173e2cd3a0731db97ba93fbb12923f3ac84f0ec93625be9a7b9627acac554719e9f4ad38acedec61df1b451edc7dd41b41f524f15e6d5c7d697c2ac7b14b27a71d6acc87fb4f5fd433e44296711eedc9ff3ed47f613b92f777125c48324966f9401d79fc6ad5b6a96d2dcc76d04ab2ccdc640dfd32724fddf5f5ff1d59618a288cd3b348402c779ce3bf4e9ff00ebaf3e6a55759bb9dd1785c3e9057fc4a50c16b6fba38625380012abbbebd3fcfea69977770a052f2328763b428dc5ba7031c7a77ac7b87323a99de59e495894814fc91a9e848fa76ff26e5aac96db99a03b588c866e49ec47a11c9fc0d61cb7d122278f77f74d1d3a73a84c5443208d405dee719f4181ff00d7adb9961b58188500282c7e82aa6990186042ac1d4fccad8c71db81ed55fc4176d6d62bb417791f1b06465475c63915a28f2c6e73cab4ea3f799cbcf2e2e65963c35d13bce4711f38fcf9fc2ae5bd84c137348b193c92832c4fae4f35141651c5124b096921693730eaca46700e3df773d0e3ea04f2de5ccd9b6b285bcfe79c64a7e03bff002faf4ce9c12d646352526ed116d54bea22d5d8ca03ee0adcecdbdfd89c74f7e7b67a2500ae4f249ef59ba26897b6a1e49e32094272ea01ebc9fef56fae9cc4846638ddb0851d38ce73f95755383ec4b92b6e723e28954e9f044fbb6bb963b464f1dbf5ac9d38ddcb6c63b4b396e630ca9e5b12e54727e5603e5c103820af3c8af444d32c0b472de410394527129dd8e7d3a763daad9ba48c2a436ee474c28da074fcbad6ca936ee6729f447149e14d5ae137190c65bbdcb00107aec4c82df5ff00eb0b1078334ab545fb5ddbdcca1d9cf9436825b19c93927a7af735d05f5d4a90196e6ee0b5888fe338edff00eafd6b067d7f46594882796e8fcbc41133720e7af039fad6ca14e3ac9993527b1a90dad8e9e0c76d6b0c63d71bc923dcd59334ce80c92ed0391c573ffdb9762367b6d3a2b64193e65e4a00e79e83fc6b1af35f7939bad742f7f2ec63c7ebcff3a1d7a50d902a1391da9bc5b54672605ffa6923738ace9bc5367bfcb172f707fbb6c9bbf9715c1cbac69a18b2d94d74f9e24ba973fa7349278aefd86db7582d97d228c7f5cd632c6ae8bf5348e17bb3be1addccf816ba3c8ec0e449772841ff007cae7f9f7a864935cb960925fc3688064adb44176ffc09b9ae2d3c4facde18eda2b9d85b09f22004fbe7ad75365e1c49a0596fe596e262324c8e4e2b1552551e9fe46dc9186e1241a1c2dbf52d4fed527a34ad29fc8563ff00c24f246cd1d959db40aa70084c9fad4fab787e18417814a63b035cab168e7653d7a1ae3af29c5db637828b57dcf41f0bea13dffdacdcc9be452a41200e39f4aea2d802ac3fdaae03c157017549a36380f093d7b823ff00af5deda4c9b9fe6dc081f7467f97d6b5c3cef4d5ccea2f79d8b407b53634c02be8c7ad3c33313b6363eec401fe351932876076ae79e013fe15ab91091e6daadab5a6ab73005002c84af1d8f23f4aac96d34f22c6b92cc7007bd763af44b0c8b72f6f1cccd85dd2e78e38e847a77ac63a85caff00ab68e21ff4ca3543f98193f9d7972a094ddde87573bb1991e8d792aef5b6976ff7b6703f1e94369291f335d5aa7b093ccffd0338ad2d61775f348492b2a895327380c3381f4e47e1598e2b5542317632726f51ad6fa5c4397b99d87f0a22c6a7fe04493ff8ed49657362978908b18d219bf76ef2b991803dfb0e0e0f4ed555c8a8970ce060f35d34e318ea9194aec9a6bebdb59e485a4303c6c508b645848c71d54026a1b3b8537e56ea42f0dd2f952bbb6e201e84e7d0e0fe15abab599b98adb5052332af972ffd745001fcc60fe26b124b17e49e47a035d29a8bd0c5aba29dcc73595ccb049f2491b156fa8aa6f233672c4e6ba3d66d7edba6daea8bc4800b6b9cff007d47cadf8afea0d734eb83d2b6f43377232c698c4d5bb6d3ef2f5b6dada4f3b7a45196fe5577fe119d4d4e2e2386d3febeae12223f0620fe94ee498d14b2413c7344e5248d832b0ea08e86b575cb74b88a1d6ad54082e8912aaf48a61f797e87a8fafb54a742b4840375acdb0cff000c1149237e7b42ff00e3d5a9a41d1213269534f792dadf32a3bcf1a442361f75c00cc460f7cf426a949072b38ca3193815d3df88749bc9ad3fb12d239e162ac66324adc7fc082ffe3b550eb5ac2465edee52d5738c5a44901fcd00345c3959ea1b7d2a265c9e9cd4c4718349b326bdf4cf16e468bc71522c65b803935222714f6f95783827f4a8a951422e4cd69c5d4928a2b6a36b0c3119ae2fe28a251cee180bf89c56669d2699a83cdfd9e659cc6406b86e173e8a08ac7f17de3cfb74db753212c0155fe373d05743a5e9f0f87b414b7042ac485e5909fbcdd58ff41f415e04e5cf36d9f491c4d585354e2ec9143589560963823baf2a463be5b8917798e3ef8073c93c0c7b541a7d98b94fb6cdf6b96dc8c28b86e645c630de808cf007f2cd2476c6f2e16f2e9805b90b246846311e3a9fc72a3e99ab97dac1bcba8b4cd3d58ae70f328f953d87bfbf6faf4c64b99dce69d69b928ad4bb6164904aed1c4a17eeaec18c2fa7a67d71df351eab3bc93c362851649c123232140f5faf3fa569dbdb388562b7898a28dab81dbfcf35562f0f5ecba94d79772470ab00a9186dc428cf5038ed54e0dc79515cca3a95e1b7b18199de5198b2391939fe263e9e9f8550fb4b6a7a82db471b0b6dc0b39182df87618fe75d14f67a5dbc61af66691472433840c47720724f1fd7ad43ff00092e9769f2d969f8c7f100173f8f5a874ecad27643a542a54973422db34a28a57198e36c76e303154753f0bcbaa4b1c93dc88a18c616345dccdfd053478d6d4a91346d09edb487cff2aaede266bce22b1bb957a0f98283f9d5fee9e8d9a4a95683d55beeff00334adb45d374f56db96608577b393c64f5038f7fc6ae24d6d02bc504255186022a8451edc7d4561497da9329296b69651e305a66de7f5c0ae7aff5c892668ee350bab971da060919fa11cd37529416c67c9391ddc9a845093e749690202d8696500fd79fc6b367f10da105639ae6f5db8db6f110bd49ea700d700faea479fb2d8dbc6739df26646fccd52b8d6efe7e24bb902ff753e51fa62b278bfe52d50ee7792f882f625222b4b3b3ddc6fb997731e7d3ea4f7acabdd5aea4263bdd7590007f776d8419f4f9727f5ae1649b249249fad74de06d3e3bebcbab998656d9015c8ee4d4c6b4a72b14e9c62ae23cda6594626974ebc9e53c9691383ff026c9ac3bdf125dcb71881cdbc0df763423e5fc719af49d62d91e2db81d315e4de20892daed768c65b15756328ad18a324f5165b99267dd248cedeac726a3f32a80ba51c13c8f4a77dab9c0524d725997ce8ba5cd2ab7ad52f3a56e802d1977e37927d052b0bda23a2f0e80dae400fbff002af6268db790a38ed9e2bc6bc2d6d345e20b5792295464f2ea46783eb5ed8d9dfd3b03fa57561f44ccaa4ae62ea717ee9b205798ea83cad49d40ebcd7ac6a0a0c2ff009d7996bd0e3568c01f7f8a8c62bab9a537ee973c23205f10db2be0abee5c11fec9c7eb8af548f0245c63b8fd33fd2bc8b429a58f55b5915542a4a85b0a0719e79eb5ebdb7630207f103fe35cf86d132a45902a39061d48f71fd7fa54a0605452491a8e5d410738279ae96668ced66dbed160d85c95e71f4e7fa572d7564638d5815071c8cd77123a3c6c155d877c29c115ccea096b1ee49bed2cc876b05450011fed6e3fcab0a91bea6b17d0ccb94f3f44b69fab412340ff0043f32ffecdf9563b8ae974c7b59c5e59456ac77c265559a5dc1d93e6c7ca148f97777ef5912ea92264416f6908ff00660563f9be4feb47662f2335609677d90c4f237f751493fa548744d45483241f67f7b97587ff004322a49351d46e8794d7b398cff0798428fc3a53a0d0da5cb48fb47622b4899b34f4cb5135b5ce993dedb3c92012c4b092e43a024f206de57777f4ace74d39064b5e4dec11221f9e58fe957f4cd2ee2cef639e02d24b1b07428a49c8353eb1a1cd1ea3335bc6ab6d26244f35d630a1b9dbf311d0e47e15af433665e97756935f3697f6111dbdf610b4f3190798398f380b81bb838c704d61cfaaea36972f02dbda59488c5184569186520ff7882dfad6d7f6390fb9efed2320e41466971f8c61855df1169b657e61d66692e7370364bf678010655e189dcca573c3743d4d6b177d190ec724fa9df5d831dddf5d4c87801e66603f02715a961656490820297f51daa3106988c0269b732b678f3aec007fe02a83ff0042adeb7575897cbb4b0b718fe088c87ff22330fd2aa5a11cc8ce96c619576855f6c0aa33f862fe6cc90d85c32f42e232147e3d2ba6171751ff00cbdccbed0b0847fe3800aaf71656f77f34a9e63ff7a425cfe66929317b444171a6c9ace910bdcc9026a366a23b83e6abee8870aedb73823ee9cf3d2a943a15820c1bc9253dfc8b763ffa1ec15b3a7797a4dca4f1a2941959630302443f794ff9eb8a7ea76ff61b9db1bef81d4490c9fde43d3fc29defa07b4d3437e6b75551221ce4e0ae791516df4fcaba12d69abc65ad1365d9e5a22464fb8f5accb8b778e42ad098d87506bd8a3885347935a8ca9bd4aa8a3073dbad51bfbc5b3b592e1c64f4453d0b76e3f5ab73bb02517a27dee3bd40f6cb2a799711c6e47dc122eec7e1d2b9715539a5cab647a183a3c91e696ece63c2b6ab7da8cda9c872b13148bb92ff00c4df87f5ae8355b49b5248ad83ac56c5c34c59b0cca39daa3dff00c29926a9a6d80114b7d183ff003c95b9ff00be579a867f10476f16e8aca5553c892e0adba1fc5ce7f4ae1d12b367759f42d496897333a6244853e5fdd80a4820657279c703a7a9abb61a57929b2cec96367195998e428e7d6b8f4f15cb73770d941796c2795c205b589a53927fbcd85f7e86bb10f7022547b96720041c633ef8e9fa510e5e82f85df42cea7a8d9e8f0c6da85f649e12251967c7b7e558b378a5ee63d9a568f3bb9c8124c381939e86b8af15eb9736faa16b294848be4e70723bfebe95b9a02ea5af68c750d46f6e16394910c513796368e093b719e723f0a97393972a2d2495dff5f22b6a6f730ccafaadd456f238c85da646c7b01802b324d5f4d8d7023baba7cf591c46bf92d676bd602c9d992576527387393f9d60adde47ccc3eb5c951c93b1d5eda4d59bfd0ea7fe122963c8b5b7b6b707ba4793f99cd3ad75dd5ee2e12de0bc93cc9dd53df24e07d3af6ae5bed718fe2cfd2baaf87f07dbfc46272a7cbb48cca49f5e8bfa9fd2a22a52925732738a573b1d43c3d6a962de719279c70657724935e75ac442ca6c2b9201e33dabd6355216d95771cf535e37e2db93f68080f25abaab528d95919c6a3516d917db011f3360fa134d37918fe227e82b2a10d24a8bcb3b6001ea4d49e6c6bddc9cf40a39fc7ffad5cbc81ed9d8b8d779fba87f1af4ef86f01ff8472eae1c61a6b8da3dc003fa8af33b289ee9a348edcb191828de49e4f1db15ecbe0fb6fb2f85ec635c6d677901f504920d745085a5722536d1635841b1f1f8578b78c5b17b12ff00b44d7b3eae5cab8e3a13fa578d789a09eef568d60825948cf0885bbfb574d5f8487f0331a355538624703a2e7fad686d8217086d679252a0f3205072011c019e87d6afaf85f529ef6644b6754562159b03201e3a9ae82e7c39791ea2d3c92430c48157e727a2a81fd2b9142e34ada1cc4515d48dfb8d3a18cfa942dffa1935ada768dab5f4de54b39863d8e4aab6d190a48f9471daba14d2a28a049a29e39831e4a7201f735a5a6f96b78a871b8a3ffe8068711a39ed1fc3afa76ad05c3ce5dd5ba6deb918ebf8d7acec0644279ca03cfd2b8b8c5c33c4c6de5118607794381f8d766b2ae60c12c420e00c91c7b56d492412295ec7f23803b76af36f117eeb50b795870ae33fe7f0af4fbb753bb2ae011dd735e6be2c55d9b8f3b5874ff3ef53895781a52d997e1d19629643180196574ceefeeb11fd2bbdb60d2c65e6bbf94a8e3851d2b9582e50b3b7951b6fdb29321639de8afd88c7deae974c89668a292389467ae07b915cd4d16de8685b7d99915994cac472092f52cdcc4cb0dbb00463a05fe74b19089b79c292a3f038a903120fa56fc9a19396a451cb732a7cb0c63d4b367f402b1f52b0691d8078d4ba8cee3d4f4271d7a835b11cab1cefbba13c7f3aad752aca37a104c6fb5b073d471ffa09fcea64b41f335aa399b5b11a3ea36f7b2dd2b089c36c489cee1dc7cc0751c555d474bb1b2d4278245ba97639002bac631db070d918c76ae9e4b78aea32920fa547a9e9a92a5adc9e4b4422623b94e3f96da951447b66ce449b48bfd5e9d163fe9bcaee7ff1d2a3f4ad28f578d51406588631858538fa1c13fad4874a476c92c47a5432e861c662720fbf35a248ca552e588f50176195a59a451da495997f22715742adce8cc15543d9b64003fe59b1e7f26ffd0ab2adb4a9ed99b320c1ed5a5a73fd8efd3cfe6de50629b07f81b83f9707f0aab5b5465cdaee66b4618e7ad5fb0856f60b8d32420f9e37439ed2ae48fcc647e22aadd46f677735b4bf7e272a7f0ef4d8e568e45923255d48653e8477a7aa2568caa9a544a7253e607bf635218c46303eb5b3ab6c7922be840115da79981fc2dd1c7e073f9d634ae48aa6ee0c61603bd47e6807d698c4e48e9518fbdcd3489b92c932ed391566d1c6aba54ba603fe936c1a7b4f565eaf1ffecc3f1aa128050fcc3359d05c4f677d1dcc126d9a170e8dee2a92ea5c59d5acaf130903956072083820fad6bdbf8b1a5b596d6e6dfceb82b88a500641ff006bfcf6af34b4f1749e62d9eaf0982e8e02c8a32927f9fcababb5db696ed71290a719c93fe7fce688ee75ca2a4b52af88f589349d3c92e44ae703600587a9e739ae0ef7c5ff00681836f24e7d6f2e19c7fdf0bb5455dd6ef1b52ba92676fdda70b9f4ff003cd71cf0a4b383f37ef8fca00e8bebfe7d2a2a39396837eea341fc51a9e0ac170b6a9fddb58d62fd5403fad6749752cf26e90bc92372598924d6ddb69f671c4bba12db86e62cdfc00f5e31c923d7b7bd4b02b4f731c56f044b248c155550753c0e4f3fad4aa127b91ed0dcf873a5e269b56b9c295fdd5b83d727ef30fa0e3f135dc6aba82da594922ab838da876f427fc052e9f649616d1c4a49f2d026e3d49ee7f135cf78aaff002c2153c4631c7763d6b651e48d8a8fbcce467b79354d461b4846649e408bf89af539e38b4dd362b3b7e238a311afd00ff26b8ff01e9c67d46e35371f25b8d91923f8dbae3e83f9d743ad5d6c8d8e790381eb4a9ade4c7377958f3bf18df60c801e9c0ae36dc4923c69cb1738515d1eb3a56afaadd816f63332e72491b47e668b5f0cdcdadc7997773696e11085124a01ce300fe67358495db6673bb9f923211d4390016e7031c67f9d7ae7c38b136fe1e9af1936c97736d527ba20ff00126b818f49d1addb371ac2961da1899bf5e95d4db78eec34dd32dac2da1bb7102151f2a203cf5cf279a708a8bbb2926755aedc6d8e43e830306bc6b5859eff0057f2e18de4238f9549c66badbdf1b4f2ae574c8b07b5c4ad2e3f0e2b21fc4da9be4c52470ab7f0c518c7eb9ab9cb987cba58ada5e87a849a8f9df63915137b21618c100ecfd7156a0f0a5c42ecb77716f6a7afef9f69c7a8cd537d46fa50449793907b79840fcaa223380796ec4d28c6c1ca757656fa2698f0bcdae42cf0b070228cbe4839ed9ef5b9178eb43d3ac60b4b76d427585022858950600f5241af37d99f5f7348173cd3b3051476d73e3f4b872b6da3ee27a1b89cb7e98feb59775e27d58ba954b58549e3ca8738ff00beb35896d21889c6d1bba9c5589ee770080858f232c4019fc68b26b5292b1665d6354ba6264be9f04f211b683f80c0aaa434adbe466663ce58e73511bab54e5ae2218ec1c7f43509d56cd7a4bbb1ce1509fe9492486e515d4dfd17556d36f162971f65997121201da7270d83e9dfdb35d4d9bcb16b3144253b5b7711b614fca7b0e2bcde3bc86f4168d884418208c1aef3c19a99bb96dec2528b32362162a32c9e99ea71fcbe950f7b09b56e6436c55e6be89c2b3fce3738192067d6bd3220160b6c00a36e3038ae39a67729ba491f047df72dfccd75506e7b6818b1c15e9e95a4158cf9b990b7e32d91ce4579ef8be10f66c7bfafd39aefeea2c2838ae27c509fe8b2a8e4107f51455d606b4bb0698166b3b37652dbece338ddb7ee968fd0ff00cf3aeab4a91d20558542ed638dcdb8fafa0ae2b419f768fa7367a2cd0ffdf2eaff00fb56badd189944ca1d86307031cf5ae5a6839b5b1ac25b9676dd305c9cfcaa07f3cd4be58232f3cc78cfdfdbfcb150c564809de643bb27973dbffd62a716d6fd7ca4247fb3cd6ea2d83922245b232b2c8f1918ce5db71cfe3529581927482320345b8109b4654e7afd37549c2321000e715309155d4bf280fcdcf6effa66a5d325cae8c98a43903357d409b4e9d3bc6c251f4fbadfcd7f2acd6b792ddcf9a52300e0348ea80fbfcc454b0eafa659c9bae353b208ca55d56e11ce08c74526a7430e56de8888a952718a4c77159d3789f418873abc4c4768e2918feaa07eb5425f1be831f024be94ff00b36ea07e65ff00a51cd1ee4fb2a8fa1baf9239aad2a9c573d73f10ac21f95349bb76c7fcb4b854fd021fe75993fc4794e7c9d1acc7bcb248e7f46029f3c4161ea753b4d614dcda5a6a20e5997c898ffb6bd09faae3f2ac6f331e95cacdf10b5964290c7650213928b6e1c13eb87cf35425f1bf88dfeeeab343ff005c1562ff00d040a6aa234741bea7a8e9cb35ee997566d14994ff0048b76da71bba32e7dc6303daa06d3a78973711f903fe9b388fff004222bc8aeb5dd56f01fb56a77937fd749d9bf99acd670dc9393ea4e68f683f61dd9ebb71369b013e6eb1a621ef8bb4723f04cd67cbadf8721277eb91b91da0b795ff0098515e5e5d47714c69e31fc429f3b0f6305bb3d166f16787107c9fda9707feb8a440fe25dbf9554ff849ec67491ecfc37793ac632d24b745828f7d8831f9d70b1c86524468cd8ea71c0fa9ed57a09e782ddd5269843270e1242919f627f8be801f6a4e73b68351a68dbf05e9b3df5c19ae1fcdb2b73fba0dc8dfedf4ebf88aea35ebb58d05b4200c8c1c0ed59d63ae691a1e9b158dbdc447cb4dbb9033127b9e171c9f7acb9b5fd39e632b8ba96427f855547e1926b78b515634453d4d822adb06c061ba423b2d665940f7776652a514f00f6551fe02b44eab652c8ecba50677c7cd34ecc3f21814936b5756cc16d23b4b62461bc9857fae6b396aee4daeeecbab657572876a01e611d32f851d06541ff2056ae87690e8d7c6f350961568d488d5e455f98f7e483d33dab909b54d42e0626bd9d94f0577903f2e95042c8b977193db9ef56aa3b585ecd5ee7a65c78e34c88151729b874088cffaf4fd6b96bcf10e993b17682eee1b3cee2b183fccd72cccbbc96c283ea7a533ed10a9c9957f0e7f9526dbdcaba4759178cae2c6d4dae9f65141164b6d691df24f73c806b3a7f136ad348585d795b87222455fe99ac98c4d30061b5b99467aa4448ab7168bac5c293169b26df56755c566e718eec69396cae3e59a79e066b9bd964247f1c85b9f4aa41719fd2b562f0beb771918b640a3eeb3927f0c0ab36fe10b8765fb46a4b1affb110e0fa649e2b2789a2bed1a2a1565b459863839fce9c8de5b863c63904f6aeba0f03d8f9aa92dd5dce4f242c80023e800fe757dfc1fe1f871e55a6f763822466247e66b278ea4b6b9a2c2567d17de70b3dfc446df3630a3d08c9a856ea27388f7484f5088c7fa57a37f6069f6c9e5ff0067c314c9f75c4630e3eb8eb56ed4f90301630bdc62b279947a44da397d47f691e750dbdfcec161d2ef5b3d3316d07f13565b48d732aa74b31678064947f4af4783ca676767f2b270a5463ffad51dcc6d772188b190479248f97359bcca6f648b5804b7933838fc37ad4a7e76b48be9b98d5eb5f05dc4efb27d5d958f4090aafe19cd746a2532f90eadb95770dc71b85492489b0b6c2b20e7afeb584b1f5ef6b9bc70146dd5fccc41e07b3562b35e5eca57efe66c8fc80ab71f83fc3918de2d4bb03fc5231fd09adab679225dcaf1938cb16f4fad529ae24beba31db0073ce476ac9e2ab4fed32fea9463f65157fb274d12ac369a65b191b8ff005609ad48b4e8ac2228f0c45e418c0f7f6a9ed6dedad631bd253367966e33f4a9e2899c0995d7cc1d01f98e2b2755bdd97ece2b6563c97c45a2cbe1bd556e22426ce53c023a7aa9fe9566c2ecacf15dc336d947cf132ff091d2bd1352b3fed9b396ce68bcc84fdeda31f4233debca6e2d2e7c37abb58dd022363ba390f1919e0ff8d7b585c47b68f2cbe25f89e3e228fb09dd7c2ff067a9e9f7b16a9629771e0303b65407eeb7f87f9ed5da4522c3a4acaee115072c7f97b9f6af1af0feb1fd99a8ac92a96b59582491af1919fbc3dc7f88ef5ebb6bb6e6cc4836bae3117cdf2843d08f527b9aed8bb9cdc9cafc89a0b8fb669715c0c8dc3b8c7e95caf88d3f72e4fd6bad860912d580d9b43118e735cd6be84c120239c7639aa96b0b170f8b4392f0fcdb7475427fd4df15ff00bf919ffe342bb7f0d4b8d41d3b3467f3c8af3bd0264ddab44f1178e29e298aeec67f78501cf6ff00595dd68f78b1ea9005b48a30c7697dec58647d71fa573d3d09923b09811b5bd38fd3ff00ad480823208344c71112dc0c83f91a6038ff00f5d74a2459189438e4ff005a941dca0f63501073f2e6a4849f280e78e28b099e19ab4674fd5ef2d19b1e4ccca327b678fd2a835c275de2bb1f887e1eba3ae1d46088186e15431c81870318fc96b925d06f1c73b17ead5e7ca9da4d1d3ed1d88bce0c38dc7e8a699e648181547c83904715d4d9783a6934bb7bafb4c78919d1860fcacb8e3f1041ab4be0f4fe3bd03e89ff00d7a4a2cce55aced738fbdbebfd427f3aee492697685dd2be4e074154c89cf641f8e6bd053c19137479a4ff00712aca781508c8b4be7f72840fe556a2d10eb5fa9e5efe7038240cfa0a4314847fac3f8015ea43c256b692c729b5877c6c1c2cf70aa1b1d8826ae6a3a0e8d05eb490ad8c56f38134224209dac33c0e738e991e956930e66d1e38d0b0e7731a90d848adb1e390363386cd7abff6769d1aee3736880fdddb04849fa6139ad7b98ed2eb4486e55a4965b3c5bcac9065b6f543b0918e3239feed3b316e78c43a2dd4dcc76afb7fbc5703f3abd0f86ee3826d9893d0c9f2a9fa0fbc7ebc57a13cf620e516f9c8e0b158d76ffc0b7103db148d75680068eca7c37de67bad81bf1d859bdf14ec2b338d8fc337d2108d1aa91c80f8247d235e07be6ad47e13ba762cf3440af1b95b7b0f6de46d5f6c57586e461638f4d8939fb92b3b67fe00a413f535299aea50aa2d6dd197b2c25c8ff80962aa3eb4598591e3caeae7f76af21f44427fa5588ecafa72045a7dc9faa6dfe75e89989e15f31402870480071fcc535e3304f853b948c8c1e9f95703cc1f489eb2cbfbcbf03871a1eb2a8ae6c4460f4692418fd334aba06a2ce04d35bc61bb80588aee23995ed9e3703209c3723f3a2e2dd5d63900dbbbafcb81cfbd66f1f53d0d16029f56ce553c26dbb135f48c3afeed42ff008d588fc2765d59ae2600f4690ff4ad9fded84d8910bc6cb9c138fc41152c6cb20791082b9ea7391f88e9594b1559ebcc6b1c250fe528da787b4811964b085b0790dcb0f7e73915a369656696a76c16cbd4e02ed3f811fcaa345fdd6ec90467076e6a68e565b6d83702472bc60fb8ff000aca55652dd9aaa108fc297dc112bdb461d413137246da9617090ab90fb4e4aba9fd08a538fb1e541c1001c3e467dc7634c787644595064e030ce33f51ebef59b669644d6ccad1b1288ffc4467047bd11afc8f2065cb9e51870c3d8fad42ee04215648fe5181bb0ac87d39a9bed4915bf94261c0c14383f88228dc2c476f2b44fe665c464ed5751d3dbffad5715deea72f8f35506deb8cd5569e18a121198bff001228cabff81a644d1228c1918f5ca8e41f43c8a571d9327957ce9560c940391bcfdd34e9f32bf972468971dcaff10f5a8524c65bca91d98fcc197fae6943b190ba446391798c871f2fe949b0b122ccd6aacbbc347d3a74ff003ef5660f2963059e58e42721c74aaa649679b73c318651965048cd3ffd20a6c0d184273ce4feb5371dae2cb6925e2b5c0de59701581c1cfad56859df748fb44a84ab2b751ef568f9b9cf98236031f2a8aa5716aa0360b163d49e334f994b4128ca3a89233dd9f2ad6328a78661fc46aeda4515a44434fe54a07cdcf2d542148d813b9942ff000f271eff004a954866f28303fed63f4a72ec8695f534a2bb5256666f30a1f954e40a7cf3cb3388d2cb6b8e589c66ab35d623101b542c4617ae4d16b772c4ad197d9381f2964cee1fdde7bfa542b6e26996087d8cc922c581f701393f9d626bde14935dd3598b28b91cc2cfc73e9f435a86eef276133ec3b7a29c0c7e155e4b9959f723ec0782547e9c56b4aa3a72e68ee8cea51f691719753cc2c2595267b1b8052e6225003d80eb5e9be07d719631a5cadf2824db313d7d57f1ea3ffd55c778b7486971a95b303711fdfdbd580eff0051fcaa9e977ff68b7132486392320e10e0a11e95f4146aaa915389e14e93a7274a5f267d03f2cb6cec3953f30cd733ad266393be455af0aeb11ea7a68c9c49c24ca589daf8ebcf634dd610f94d9cf43d6bad59a3285d4ac79869798b5dd5edc151e759b119200ca949327f14aea926115e4521d534f440437fafde7ff1d06b93b5887fc27b6f6fc1fb5452438f52e8e83f522b3627dd1a1f6158d38ddb4136933dea482e248d83dc13e815401fca99140f222b1b894e573d40fe42a4d3a7fb569d693f5f36147fcd452c1851b48c6d257f5e2b6488e6761a6cd31cbca7fedab7f8d44b650976420b0ebf3366ae6fe31839a8d88f350fae47f9fd69b40a4ccdd72d235d2a568ade16f2ff0079e5b2fcac47ae083c296ef5c57f6b4887e5b3b243ff005eeadffa166bd2e48d668da17ced70558fa02307f426bccd208cc8f14e36cb13153db91c1ac2a4752e2eeb537344bfb9bfb2bfb72f1c72c6a93c7e5c28800076b70140e8c0fafcb53edbe71ff212bb5ff7242bfcab334264b2d7ad99989824630c99feeb82a73f4ce7f0ae8044d1cad0b2e5d18a903d41e6a5239f113946cd19cd692cbc497d7721ff006e666fe66a16d1a063975de7fda19ad9f2c0272471d403c7e7d053c32a0046003dfa7ebd4fe029d8e6f6b3ee64ae8f6f1a81b0293d82e4fe55a30dbc571a36cdb992c24db9c827cb7e473d386cfae334b27231b0faedc73ff7cff89a5d3ae122d4904a7104e0dbc8d9ced0dd39e8307078cd163484e4f46ca5f6280024263777c91bbf1ea7f0a9f4d8e282fbec8f85b7bc5f224523a1fe16da3d0e3927a66a490bdbccf1c802bab153918c91c75ea7f0aaf3a874298209e40c639ff74739fa9a761c64d3d4ad2d988e578e48c799112a7201dbedfdd5fd6a358769de38cff1838ffc78f27e8056c6a0df6d82d75103734abb26e036d91700f7da32307f1aca17d0477410b19263c2a440c9213fe7d05272495d9b469549cb9609bf417c8da31c053dbee83f80f99aa4588f0b8fa291ff00b20eff005a82fb544b107edaf069e7ba4adbe63ff6cd72c3fe0456b98bff0019c215a3b2b66947fcf4ba385fc235e3fefa2d59f337f0a3474a30fe2c92f25abfc345f3638cd1176281b6b0fbbb7fcff4a72dcb858c6c90943d0fa7b1eb547ed7c7cc411f5cd3bed4a7f8c1fa9cfeb5e0dbc8fa8b2ee5d3209a476585b247396c1a609268e11188d7039e5ba1aadf69438f9c71ebc1fce9c6f063970e3f234acfb0ecbb96fce96670710a919caede4d43e4cf13992290231ea15700d43e7c27a3e7dbd2817417824b0f7183ff00d7a2d2e8168f5268e66c6c9246463ec307f1ab1e48750ad2cbe98ce2a9fda2d64041cf4e950f9fe4b7ee9c327f75b9fca8716f6d02e96fa9a2d0af562ee3a03bb245384709e59430f5c935457538c9c1521bd314ff00b6213900827ae01fd6a3967d4a4e1d0ba628890530a47e54e531b36d64547cf1c601fa7a5525bfda7054feb8a945f071b5a3247a62938c87789743f9676b291f87f3a761b76e88153dfdea87da9d4602332f6c8e47e34a976e172a095fa74ff0a9e463e64692cbbceddbb5b1ca93fca91b9c823fc4551374d20c14271ce7382294dd4e8a3cc04af66cf2297231f317082719e083c38a90336e0b200ae7db01fe9e86a8f9f2e385c83df3c52f9b3321565c8f43da8e415cd165755c9ce3d7d3eb4dc19148cf3547cdb88b04b02878ddd7f3a79f388c8c647381dbe94b92c1cc2cd6d2213246e1587a1edfe15596505426c5dc0e0a11d0fafd2a5dd338c7980541340edf36e1b856b1b3d199bbad516118280252cac380c318fa54d1402e89334e2265fbaae39359b1c8c325dd8153d01e95219259b89a69300e407279a396cc2edad0be36cf200f8471c17418f307a8ce39a7b1b442a90cd21e70436005aaeb18bcf962851244ea57bfd2ad5b4fb7f7710d92a9fde2b60a8f7a2c89bb457920b60bb552498b1e083c9fd2b80d6f48b8f0f6a22f12165b499b0c98e14f5c7f515e9a3c988950127772704120d53bfb1b6bab396def8c87782bb71903e9ef5d586afeca5e4726268fb58f9ad8e6f41d60e9b731dcc64c96f20c48a0e372f527ea2bd1ae655bcb2468e40c0f2ac3a3023835e2f1abe8ba8be9f7249858e6273e99febdfdebb7f0dea8d1a1b29586371f289fef775fc7b7b8af769cd74d99e4c93dfaadce7ef65fecff001ce9172c7023ba8d89f60ea4d50b98fecb7b716fd3c995e3ff00be588fe956bc708cb7f0cd1824abe411f9ff004ad0d4f41d4f51d7751b9b1b19a6825b86955d172bf3fcdd7fe05574da5331a97bb67a6783ee05c78534f72791194ffbe58aff004ad51c4f203dc86fd3ff00ac6b9af0589b4ad07ec9a9016f2acac515dc0254e39ebeb9add3796fe7ef1711905707918e0fff005cd684a4cb79e2a390e17381c1078ff3e9509bfb6ce44ca7e8697ed3048846e38c72db0ff8530b32e1009391c1e2bcefc450c96fe22b9644204b897db2c3e6e7fdedd5dfadd42238cb095988e82263fa633585e25b5b7bc305cc97715aa47ba32d711be09fbc070a40eadc907a5653b0e3747248ff002066607d08381f9f7fc01aeeaee6fb4182ec0ff8fb8565200fe2c61b8ebf781ebeb5c90b3b009e67f6d5bef6fba04336e6fc4a6e3f860574362d69fd82b0adea4c9672fccd1c2dfbb1272014e3a153c9f5e6b326ac1ca238c84f39ce38ce4607e3d07e19a40e739ce09ef9233ffb31fd2986e34ff339bb9c201feb05b9fd093dbd854126a7a45b23b5cdd5d447f841b500bfe1e66e39f7c0a4e496acc69e1aa4df2c15df916f79c6dc74fe1c74fc3a7e66a9de3031b679e386c8f94ffbc781f854515ecdab46b1e83a75eddbff0013cd12c7127e4c47e66a86a06c6cce7c43e224322ffcb9696048e3d8bfdd5fa7350ab27f0abff5dcedfece952d711250f27abffc055dfdf635355d560716ba81ba895ae211e7206c1122fcac48c6ec1c7602a11f6e9ad0ccb6ab6b667fe5e6fdc4117e00f2dfad72b378e20b1caf87f49b7b23daea7fdfce7dc16e17f015cbea1abdeea77067bebb9ae653fc52b963f867a53fde4b776f4ff3ff00802956c2d37fbb8393ef2d17fe02bf5677179e22d22ca16b792f6eb573bb7f936ffe8f6c1b18eb8dcdf8015cf5e78c752962682ccc5a75b37062b25f2f70ff0069bef37e26b9a696a3697de88c22b530ab8bad5572c9e9d968bee5fadcb2f312492724d44d2d57697dea332fbd59cc74c221d636ff00809a50c178914a7bf6aa1bd474dc3f5fe74e170cbd9587a118af1f91f73eb14d7634942f5e187d69e0467a6dfa1acafb420e42b467e9914e5bd5fe25047a8152e9c8b55606a8119e085ff3ef4f5da38c29f63806b2bedd1aae7231ee295750b73d081f852f6537aa43f6b4d68da357119e84023b74229eb2ed386208faf3598b791b0e808fa53d6ed7030091ee0ff3a87097534538f4668b2c128fbea7ebda98b23dbb7de5953fde19154c5d464f420f6c834f17bb4608dc3e841a5cac7cd134e3b98251c32fb83c629f9407e474c7a161fa564b4f0c9c8c861dc0208a725fb47c31dc3d7152e9be83f68ba9af1dca74de38ec48a7f99113bd25457f50dd7eb59a2fe1907241fce945eaa1e1f70fa7351ecd95cebb9a1e7c7b86e7547ec54fca7fc2a51385f95a44c1f7e2a80bf8dc61994ff5a05da28f95c3a7f749e47d0d2e463e65dcd00fe58cc722b2f7427f97a53a39924e55f18eaa4722a825f20fbb20dbe84e314f37714986f336b8e8c0d4b831f322f9982e70e841ebc1c1a609760f9092bd7660e57e95556fd09c48c037f781c83f5a905d21ff00968a08f46191fe3472bea2ba2c896390160e33eca79fd3ad2f9919e0b9cf63b0d543711ee2c8e81cf51bbe56a7ade4520c170a7a649fe7ebf5a5c8c7cc1710ee2194b6f53c614d44922485967691140ce1403f8f26acadca85daeea57a7de1c557b958a43c48a1c7218115716de8cce5a6a8944f11601430feebb0099fe7538964660d6303a4d11fbe24dc3df8c73591e76f25646200fe1ddc7d79ab31b962332c31153c13c123ea05538585cc99a0b78c53291c0e58e2432a1ca1f724d377dceeda096940ca98c03c7e47155cde22b192de4f29803b9572770f4fa53d2f519447023963df67cc0fd734b945731f5fd31b51b722666f3d4653721041fcab0b4ebc62b25b5c6e4b98b8fc8f5fa8cd76d25d32025209639bf88c8d92dfa572fe20d2e69186a96e009979601812c3e9fe78af47095f97dc96c79f8aa37fde477ea43e232750d152e01632c6e3cd1f9f3fcff2356750b637b2dbdca30dd2585ab907b9f2829fd50d56b2b88ef2d1980cee1875f4e7a7d72735d0d868f2dc25b2b4a21582d842004dccc37bb038c8c70d8e7d2bd483699e64e37775b17fe1f48cb1dfdb9c65595c03ef907f90aef22cfca772a9278cfa63d2b9bf0e68b0596a2ee1c48658cae5931ce73c1c91dbb03f5aec2e6ce241bc4280646ff97b7bff00f5eb57abb91b68c949880c99133ea48e3fc297cf8d597f7c9b88e3e6ebfd7f2148208368fdcc6076f947e9ff00d61505e5d5858a992ea4821523abe013fd4d0da4b5263072764aec9e1b9b758e40668c2ab1cfce31cf3ebfceb2bc486defb4599639a3678c2cc9b5c646d38241e7a063d0560dff008d34d494c7656cd744e028081549e7a0c7d3b53a3d3fc63e21899cc1169364cb869251e5fcb8c739cb74fa0ae59e2617b4757e47a50cb2ac57b4acd535de4edf86e736e6284309668d33f7949209fc3ef1ff008111f4ab3a3eb5711cb736761632df7da22d81147460c0860a060631e9dfad58961f02f86ffe3f6fe6d72f17fe58da7cb103eed9fe47f0acbd43e27ea4606b5d0ed6d746b43c6db641bcfd5b1d7dc006a3f7b3feefe2ff00c889d7c051d229d47ff80c7fcdfe07472e8fabc708b9f106ad69a15bb0c80efba661ec01cfe19fc2b127f11f84b4527fb2f4b9757ba1ff002f5a89c479f5118ea3eb8ae0aeafa7bb9da6b99e49a56e59e462cc7f13559a5f7a6a8413bbd5f99cb5333af28f253b423da2adf7bddfcd9d26b7e37d73594315cdeb476dd05b403cb8c0f4da3afe39a9e1f0c6b77ba7477965e1cbe9e07895d1d6d5d849f2f2410ddce7a0ae2e5978eb5ed97ba9df695e18f8566c2f6e6d85d4f124e22959448b9418619c11c9e3deb63cf6cf34b3b0bbbcb7bd9ed7489e58ac7e7bfca67eceb83c72723eeb1f5e3daabc3637927875f56fece91b4b89bca9af15410b21618e73e8cbf9d7b7eac891ea3f1802285074db763818c936cf935c8782ed4ea1f01aead331833f88208f329c2f3240393e9408e28f86b5f3a37f6a8f0cde7f67e37eef21bfd5e3efeece7df38c77aa171a75f47e188f573a6b8d2a526186f19546e9779ef9cfdd561f857d2f1d86af27c5c3a8a6b103687f60f27ec2b7793bfd7cae9d7bd792f8a42c7fb3cd8aa00aabaf4c001d00df3d00705e1bd0f55f114ad0e8da54f7b2a1ccb22c61d631d87cc42e4f3d4fd3a552d7b4fbdd1ef8d96a7a74b637a9cba3a6d0cbd980e9ebd38af59f016937377f01353b6b0d62c74fbebebff312792ebc9f2d55a3521d87209d8d81e8c3d6b37e3cc324169e0d49e64b8b85d3d9249d1b7894809960ddc13939f7a00e32ff0049d4f4bc9bcb491231ff002d57e64ffbe8715484a08e08ae8957c38cb98afd013eccbfd2b6f4ef06e8d75a7ef70c7cdf992589f042fa8ec7f2ae7786e67ee9edac438ad75383f347a8a80dd379a53c963e846307f5ae83c45e1a3a1c2f731dec73c0b8cab8dae3271f43fa57329751c9d1867d0d64e938bd51a7b653b24ec4c6653d637fc067f91a7c576cec5446d81ddd719a8495273c67da8cf39c8a4d268a574ee997048a4f419a9167c0c8fe79aa0589e0aa91dc66a3541167ca668c1fe13c8a9e4bee539b4f446a7db07423f4349fda0abd89fc2b39ae9e100c8a76f4dc873fa559498328604e0d1c915ab5f882ab293b2959fa1645e4b21f92120f6269de6dd9ebb47d0557127be7f0a78988fe31f8d2724b68afccae46fe293fc89956727709707d80a789ee13abf1ebb4557f373cee00d3fcd6c73b48fa52e79765f70fd9c7a37f7b2d2cb393b95d4fe1d69ff69b95ea171f438aa41981ca11f414e172c3871f8e69737f757dc3e4fef35f32ef9d7321e42a91fc5839a9e390c60f98d924f51d2a82ccdc15c63eb520b920f22a2727256492f43484145ddb6fd4d0f3948c1652297cc083aab2fd7915404c47dd071e94f1723d4e7d2b1e536e645e0c8c010c9cfae28383dd411dea8f9c01ca9c1f4c7069e2753d70a7d3fc2972b0e645c5907dc6001a7f23a0c83cf4fe5548c919183b7f950250870c5587ad2e51dd169d72be9e86a356fe038523afca0e7e949b864608c1f7a6c88187f23e94d12fc8b9134a87746193d4f2370a97f7abfbe540139c972326b3621248fb0a9671ce73c01eb5a56b6b970c42bb91d3a29fa773f803f5a1c58b9912c137984790c9e61e8c5f93f853cc4adb99d94827e724640fc7a0a7031c6accaca533f3aee0003f89c67ea4fd2a69ae608f6bc92c61b1dc638fc3e6fc828a6a36d45ccde88e62e2d868f7e65b753f679bef8556047be3ef7fe822b7b4cbcf24a6d64685b94391b79ec0fddf7e371aaf7f7760f0342cc2743fc0838fc88c7e2771aa3a559ea77ae2db4c82e6771c66305980f76ec3f215df4f149455f730fecbad29397c31eef4b1e856b7b0595d453dcdc471ae7e667246463df9fcf1f4a9355f881a4c50bc56c925d39047ca36a8fc4ff81accb2f8617ed0fdafc41a95be9d6ea32db9c3301ee73b47e669d2ebff000fbc27f2e9b64fad5eaffcb5939407ea463f1553f5adbdad79fc2adea633596e1dfbf27525da3a2fbc641a8f8cbc5071a559bc10371e6a2ed1ff007f1bfa5493f83b48d18fda7c61e244131e4dbc0c5a46fc4e58fe5f8d731ae7c54f11eae1a286e174fb63c08ed46d38f76ebf962b8996e1e476791cb3b1c9663924d2f609eb51b673cf39aa972e1a2a9af25afdecf4e9fe23e8da1a98bc27a04313818fb5dd8dce7f0ce7f5fc2b8ad6bc59ad6bee4ea5a84d32e7223ced41f451c56034b51996b749256479552a4ea4b9a6db7e7a961a5a8da5aaed2d46d2d320b0d2fbd46d2d5732530c94089247cd7ab59fc4ad222d07c3ba7ea5e0db8d46ef44447b597ed45177e010d851cf4070735e445f35d0c7ae6802d23865d0677758c2965bf650cdb705b18f5e71401d6c7f12353b86f193dee9027b8f11c4b6d9865dab6bb6365008c1ce038ce48e41a8354f1c37fc23d69e19d17c329a469c9791cd3ab4e5dee65561d0b0e32547af41dbaf24755d010011e81295d8410f7cd92c48c370074008c7bd39b59f0e34e5ff00e1187d9c1dbfda2f907bf38e9fe73401dcff00c2ceb91f144f8c478765c9b0f285979ff36dcecddbb67af6c536cbe20dbdbf84e3f0e6b1e093ab5b25dcb7209ba655ded239fe14edb88eb5c226ade1f04b49e1c9242598ff00c7fb0182490385ec081f873d69c75af0f858b6f861432b6589bd721baf1d3e9f97bd0074979e2d923f02eb7e19b5f0e8b3b2d46f3ede8e272c2d9731911e0af27f77dc8eb543c77e2abaf1269ba05b5c6982cd74ab73668fe616f3b0106e1c0c0f947af5accb8d63c3a2e95ad7c3ade503b8892e8e58fc9918c1c0cab7fdf67db19fa86a1a6dd5a2c569a3a59ca24dcd2aceef918c6dc37e07ad007fffd9),
(2, 'user1', 'user1', 'user1', 'user1@gmail.com', NULL),
(3, 'user2', 'user2', 'user2', 'user2@gmail.com', NULL),
(5, 'andi', 'andi', 'andi', 'andi@gmail.com', NULL),
(6, 'budi', 'budi', 'budi', 'budi@gmail.com', NULL),
(7, 'chica', 'chica', 'chica', 'chica@gmail.com', NULL);

--
-- Indexes for dumped tables
--

--
-- Indeks untuk tabel `administrationuggroups`
--
ALTER TABLE `administrationuggroups`
  ADD PRIMARY KEY (`GroupID`);

--
-- Indeks untuk tabel `administrationugmembers`
--
ALTER TABLE `administrationugmembers`
  ADD PRIMARY KEY (`UserName`(50),`GroupID`,`Provider`);

--
-- Indeks untuk tabel `administrationugrights`
--
ALTER TABLE `administrationugrights`
  ADD PRIMARY KEY (`TableName`(50),`GroupID`);

--
-- Indeks untuk tabel `student`
--
ALTER TABLE `student`
  ADD PRIMARY KEY (`id`);

--
-- Indeks untuk tabel `student_subject`
--
ALTER TABLE `student_subject`
  ADD PRIMARY KEY (`id`);

--
-- Indeks untuk tabel `subject`
--
ALTER TABLE `subject`
  ADD PRIMARY KEY (`id`);

--
-- Indeks untuk tabel `surat_masuk`
--
ALTER TABLE `surat_masuk`
  ADD PRIMARY KEY (`ID0`);

--
-- Indeks untuk tabel `user`
--
ALTER TABLE `user`
  ADD PRIMARY KEY (`id`);

--
-- AUTO_INCREMENT untuk tabel yang dibuang
--

--
-- AUTO_INCREMENT untuk tabel `administrationuggroups`
--
ALTER TABLE `administrationuggroups`
  MODIFY `GroupID` int(11) NOT NULL AUTO_INCREMENT, AUTO_INCREMENT=2;

--
-- AUTO_INCREMENT untuk tabel `student`
--
ALTER TABLE `student`
  MODIFY `id` int(11) NOT NULL AUTO_INCREMENT, AUTO_INCREMENT=5;

--
-- AUTO_INCREMENT untuk tabel `student_subject`
--
ALTER TABLE `student_subject`
  MODIFY `id` int(11) NOT NULL AUTO_INCREMENT, AUTO_INCREMENT=12;

--
-- AUTO_INCREMENT untuk tabel `subject`
--
ALTER TABLE `subject`
  MODIFY `id` int(11) NOT NULL AUTO_INCREMENT, AUTO_INCREMENT=4;

--
-- AUTO_INCREMENT untuk tabel `surat_masuk`
--
ALTER TABLE `surat_masuk`
  MODIFY `ID0` int(11) NOT NULL AUTO_INCREMENT, AUTO_INCREMENT=2;

--
-- AUTO_INCREMENT untuk tabel `user`
--
ALTER TABLE `user`
  MODIFY `id` int(11) NOT NULL AUTO_INCREMENT, AUTO_INCREMENT=8;
COMMIT;

/*!40101 SET CHARACTER_SET_CLIENT=@OLD_CHARACTER_SET_CLIENT */;
/*!40101 SET CHARACTER_SET_RESULTS=@OLD_CHARACTER_SET_RESULTS */;
/*!40101 SET COLLATION_CONNECTION=@OLD_COLLATION_CONNECTION */;
